,ID,Education,Cur_Meds,Lifetime_psychosis,lifetimeSUD,lifetimeAUD,lifetime_MDE_dx,Lifetime_anxiety_dx,lifetime_substance_dx,lifetime_OC_hoarding_dx,SHEEHAN_MAX,Gender,Gender_2_TEXT,Hispanic,Race,Race_5_TEXT,Age
1,101,15,1,0,1,0,0,0,1,0,NA,1, ,0,4, ,52
2,103,16,1,0,0,0,1,0,0,1,10,1, ,1,4, ,31
3,105,15,1,0,0,0,0,1,0,0,3,0, ,0,5,Mexican,44
4,106,16,1,0,0,0,1,0,0,0,8,0, ,1,4, ,39
5,108,16,1,0,0,1,1,1,1,0,5,0, ,1,4, ,25
6,110,16,1,0,0,0,1,0,0,0,8,1, ,0,5,Latin,28
7,111,16,1,0,0,0,1,1,0,0,3,1, ,1,4, ,42
8,114,15,0,0,0,0,0,0,0,0,6,1, ,1,3, ,30
9,115,13,1,0,0,0,1,0,0,0,8,0, ,1,4, ,21
10,116,18,1,0,1,0,1,0,1,0,3,1, ,1,4, ,26
11,117,13,0,0,0,0,1,1,0,0,10,0, ,1,1, ,24
12,118,16,0,0,0,0,1,1,0,0,7,0, ,0,5,Mexican,53
13,120,18,1,0,1,0,0,1,1,0,6,0, ,1,5,Mixed race (African American/Caucasian),26
14,121,16,1,0,0,0,0,1,0,0,6,1, ,0,1, ,26
15,123,16,1,0,0,1,1,0,1,0,7,2,nonbinary,0,3, ,25
16,124,13,0,0,0,0,1,0,0,0,10,0, ,0,1, ,32
17,126,16,1,0,0,0,1,1,0,1,9,0, ,0,4, ,27
18,127,13,1,0,0,1,1,1,1,1,10,0, ,0,3, ,36
19,129,18,1,0,1,1,0,1,1,1,5,1, ,0,4, ,26
20,130,16,1,0,0,1,0,1,1,0,8,0, ,1,5, ,27
21,131,16,1,0,0,1,1,1,1,1,6,1, ,0,4, ,51
22,132,18,1,0,0,0,1,1,0,0,8,0, ,0,4, ,35
23,134,13,0,0,0,0,1,0,0,0,7,0, ,0,1, ,26
24,138,16,0,0,0,0,1,1,0,0,9,0, ,1,5, ,23
25,140,16,1,0,0,0,0,1,0,0,7,0, ,0,4, ,23
26,142,16,0,0,0,0,1,1,0,0,8,1, ,0,4, ,37
27,144,16,0,0,0,0,0,1,0,0,8,0, ,0,4, ,32
28,145,18,0,0,0,0,1,1,0,0,9,0, ,1,5,Mexican and white,30
29,147,17,1,0,0,0,1,1,0,0,8,0, ,0,4, ,19
30,148,16,1,0,0,0,1,0,0,0,6,0, ,0,1, ,22
31,149,18,0,0,0,0,0,0,0,0,8,1, ,0,4, ,25
32,151,13,1,0,0,0,1,1,0,0,8,0, ,0,4, ,50
33,152,16,0,0,0,1,0,1,1,0,5,0, ,0,4, ,24
34,153,16,0,0,0,0,1,1,0,0,8,0, ,0,1, ,33
35,155,18,1,0,0,0,1,1,0,1,10,0, ,0,0, ,42
36,158,16,1,0,1,0,0,0,1,0,7,1, ,0,4, ,37
37,159,13,1,0,1,1,1,1,1,0,9,0, ,1,5,Half Mexican half white,35
38,160,16,0,0,0,0,1,1,0,0,8,0, ,0,1, ,28
39,161,16,1,0,0,1,0,0,1,0,9,0, ,0,1, ,23
40,162,16,0,0,0,0,0,0,0,0,8,0, ,0,4, ,24
41,163,13,0,0,0,0,0,0,0,0,6,2,"""gender fluid""",0,5,"""Mexican""",26
42,164,16,0,0,0,0,1,1,0,0,9,0, ,0,1, ,27
43,165,14,1,0,1,1,1,1,1,0,9,0, ,0,0, ,27
44,166,13,0,0,0,0,1,1,0,0,8,0, ,0,4, ,19
45,167,16,0,0,0,0,1,0,0,1,10,0, ,0,1, ,47
46,169,13,0,0,0,0,0,0,0,0,8,0, ,1,NA, ,20
47,170,14,1,0,1,1,1,1,1,0,8,0, ,0,4, ,55
48,171,15,1,0,0,0,1,0,0,0,6,1, ,0,5,Iranian,21
49,172,12,1,0,1,1,0,0,1,0,8,0, ,0,4, ,55
50,174,16,1,0,0,1,1,1,1,1,6,0, ,0,1, ,25
51,176,12,1,0,1,0,0,0,1,0,7,0, ,0,3, ,45
52,177,16,0,0,0,1,1,0,1,0,8,1, ,0,4, ,40
53,178,15,1,0,0,0,1,0,0,1,7,0, ,0,4, ,21
54,179,16,0,0,0,1,1,1,1,0,8,0, ,0,4, ,27
55,180,13,1,0,0,0,1,1,0,0,8,0, ,1,5,mexican/white,21
56,181,12,0,0,0,0,1,1,0,0,8,1, ,0,5,African/Native American,22
57,183,18,1,0,1,0,0,0,1,0,5,1, ,0,4, ,53
58,184,16,0,0,1,1,1,1,1,0,8,0, ,0,1, ,24
59,186,17,1,0,0,0,1,1,0,0,8,0, ,0,4, ,23
60,187,21,0,0,0,0,0,0,0,0,6,0, ,0,4, ,55
61,188,13,0,0,0,1,0,0,1,0,10,0, ,0,3, ,32
62,189,21,1,0,0,0,1,0,0,0,6,0, ,0,4, ,27
63,190,16,0,0,0,0,1,1,0,0,6,0, ,0,1, ,26
64,191,16,0,0,1,0,1,1,1,1,8,2,nonbinary,0,4, ,29
65,193,13,1,0,1,1,1,1,1,0,10,0, ,0,1, ,36
66,194,16,1,0,0,0,1,1,0,0,7,0, ,0,1, ,27
67,195,16,0,0,0,0,1,1,0,0,6,0, ,0,5,half white/half asian,30
68,196,13,0,0,0,0,1,1,0,0,8,0, ,0,4, ,19
69,200,16,1,0,1,0,1,1,1,0,8,0, ,0,4, ,26
70,202,15,0,0,0,0,1,0,0,0,5,0, ,0,3, ,21
71,203,16,1,0,0,0,1,1,0,0,5,1, ,0,1, ,30
72,204,16,1,0,0,0,1,1,0,0,6,0, ,0,4, ,19
73,205,21,0,0,1,1,1,1,1,0,5,0, ,0,1, ,30
74,206,16,1,0,1,1,1,1,1,1,6,0, ,0,4, ,27
75,209,18,0,0,0,0,1,1,0,0,8,0, ,0,4, ,45
76,212,13,0,0,0,0,1,1,0,1,8,0, ,0,3, ,35
77,215,18,1,0,0,0,0,1,0,0,7,0, ,0,1, ,38
78,216,13,1,0,0,0,1,0,0,0,9,0, ,1,NA, ,19
79,217,12,0,0,0,0,1,0,0,0,6,1, ,1,NA, ,20
80,218,13,1,0,1,1,1,0,1,0,8,0, ,0,4, ,22
81,219,6,1,0,1,1,0,1,1,0,10,0, ,0,3, ,52
82,223,13,1,0,0,0,1,1,0,0,9,0, ,1,NA, ,21
83,224,13,1,0,0,0,1,1,0,1,7,0, ,0,5,japanese and white,23
84,225,18,NA,0,0,0,0,0,0,0,6,0, ,0,2, ,41
85,226,13,0,0,0,0,1,1,0,0,9,0, ,0,3, ,32
86,227,21,1,0,1,0,1,1,1,0,6,1, ,0,5,"half asian, half white",30
87,228,14,0,0,0,0,0,1,0,0,5,0, ,0,1, ,20
88,229,13,1,0,0,0,1,1,0,0,8,0, ,0,1, ,19
89,230,16,1,0,1,1,1,1,1,0,8,0, ,1,5,"""latin"" (would not identify with our options)",24
90,231,13,0,0,1,1,1,1,1,0,7,0, ,0,1, ,20
91,232,12,1,0,0,0,1,1,0,1,7,0, ,0,4, ,19
92,233,13,1,0,1,0,1,1,1,0,8,1, ,0,4, ,21
93,234,16,1,0,0,0,1,1,0,0,10,0, ,0,4, ,35
94,235,13,1,1,0,0,0,0,0,0,7,1, ,0,2, ,25
95,236,16,0,0,0,0,1,0,0,0,7,0, ,1,4, ,23
96,237,20,0,0,0,0,1,1,0,0,5,1, ,0,1, ,29
97,240,12,1,0,0,0,0,0,0,0,7,0, ,1,4, ,49
98,244,18,1,0,0,1,1,0,1,0,10,1, ,0,4, ,34
99,246,15,1,0,0,0,1,1,0,1,10,1, ,0,5,"japanese, native hawaiian, white",24
100,248,18,0,0,0,0,0,1,0,1,6,0, ,0,4, ,27
101,249,19,1,0,0,0,1,1,0,0,7,0, ,0,4, ,29
102,251,13,0,0,0,0,1,1,0,0,9,0, ,0,4, ,24
103,252,15,1,0,0,0,1,0,0,0,8,0, ,0,4, ,40
104,253,16,0,0,0,1,1,1,1,0,4,0, ,0,4, ,23
105,254,18,1,0,0,0,1,0,0,0,5,1, ,0,888, ,34
106,255,18,0,0,0,0,1,0,0,0,7,2,nonbinary,0,4, ,35
107,256,21,0,0,0,0,1,0,0,0,7,0, ,0,4, ,29
108,257,16,1,0,1,1,1,1,1,0,6,1, ,0,4, ,28
109,259,16,1,0,0,0,1,1,0,0,7,2,nonbinary,0,1, ,28
110,260,16,1,0,0,1,1,1,1,1,7,0, ,0,4, ,23
111,261,21,1,0,0,1,1,1,1,0,8,0, ,1,4, ,38
112,263,18,1,0,0,0,1,0,0,0,10,0, ,0,4, ,32
113,265,13,1,0,1,0,0,1,1,0,6,0, ,0,4, ,55
114,266,13,1,1,0,0,1,1,0,0,9,0, ,0,4, ,19
115,267,13,0,0,0,0,1,1,0,0,6,1, ,0,4, ,20
116,268,16,1,0,0,0,0,1,0,0,7,0, ,0,4, ,23
117,269,13,0,0,0,0,1,1,0,0,7,1, ,0,4, ,21
118,270,18,0,0,1,1,1,1,1,0,7,1, ,0,4, ,34
119,272,18,0,0,0,0,1,1,0,0,8,0, ,0,1, ,34
120,273,13,0,0,0,0,1,1,0,1,5,0, ,0,1, ,22
121,275,14,0,0,0,0,1,0,0,0,9,0, ,0,1, ,20
122,277,15,1,0,0,1,0,1,1,0,8,0, ,1,5,half brazillian,21
123,278,18,0,0,0,0,0,1,0,0,8,1, ,0,1, ,23
124,280,18,1,0,0,0,1,1,0,1,7,0, ,1,4, ,28
125,281,18,0,0,1,1,1,1,1,0,7,1, ,0,1, ,37
126,282,16,1,0,0,0,1,1,0,0,9,1, ,0,4, ,26
127,286,21,0,0,0,0,1,1,0,0,7,1, ,0,4, ,36
128,287,17,1,0,0,0,1,0,0,0,8,0, ,0,1, ,22
129,288,13,1,0,0,0,1,1,0,1,9,0, ,1,4, ,19
130,290,16,1,1,0,0,1,1,0,1,6,0, ,0,1, ,24
131,291,18,1,1,1,1,1,1,1,0,7,0, ,1,4, ,36
132,292,13,0,0,1,0,1,0,1,0,8,1, ,0,5,white/pacific islander,28
133,293,16,0,0,0,0,0,0,0,0,4,0, ,0,3, ,44
134,295,13,1,0,0,1,1,1,1,1,8,0, ,1,4, ,30
135,297,18,1,0,0,0,1,1,0,1,9,0, ,0,4, ,35
136,299,18,0,0,0,0,1,1,0,0,7,1, ,0,3, ,40
137,300,16,1,0,0,0,1,1,0,1,8,NA, ,NA,NA, ,NA
138,302,15,1,0,0,0,1,1,0,0,10,0, ,0,1, ,25
139,303,16,0,0,1,1,0,1,1,1,8,1, ,0,1, ,27
140,304,16,0,0,0,0,1,1,0,0,8,1, ,0,4, ,27
141,305,15,1,0,1,1,0,1,1,0,6,1, ,1,5,mexican and nicaragua,35
142,307,13,1,0,0,0,1,0,0,0,6,0, ,0,1, ,19
143,308,14,1,0,0,0,1,1,0,1,8,0, ,0,1, ,20
144,310,16,0,0,1,0,1,1,1,0,8,1, ,0,1, ,25
145,311,17,0,0,0,1,0,0,1,0,9,0, ,0,4, ,36
146,313,13,1,0,0,0,1,0,0,0,9,0, ,0,3, ,34
147,314,14,0,0,1,1,1,0,1,0,6,1, ,1,5,1/2 Latino 1/2 middle eastern,25
148,317,14.5,1,0,0,0,1,0,0,1,9,0, ,1,5,Mexican,50
149,318,14.5,1,0,0,0,1,1,0,0,6,0, ,1,5,Latina,20
150,320,13,NA,0,0,0,1,1,0,0,7,0, ,0,1, ,19
151,321,18.5,1,0,0,0,0,1,0,0,10,1, ,0,2, ,34
152,322,13,0,0,0,0,1,1,0,0,10,1, ,0,4, ,19
153,324,15,1,0,1,1,1,1,1,0,10,0, ,0,1, ,43
154,325,15.5,1,0,0,0,1,0,0,1,5,1, ,0,4, ,21
155,326,14,0,0,0,0,1,0,0,0,10,0, ,0,1, ,19
156,333,16,1,0,0,0,1,1,0,0,7,2,non binary,0,1, ,23
157,331,14.5,1,0,0,0,1,1,0,1,9,0, ,0,5,Asian and White,20
158,332,14,0,0,0,0,1,1,0,0,5,0, ,0,1, ,21
159,335,17,1,0,0,0,1,1,0,0,7,0, ,0,4, ,34
160,336,14,1,0,0,0,0,0,0,0,5,0, ,1,4, ,20
161,337,13,0,0,0,0,1,1,0,0,9,0, ,0,1, ,18
162,340,13,0,0,0,1,1,1,1,1,7,0, ,1,888, ,18
163,342,13,0,0,0,0,1,0,0,0,5,0, ,0,1, ,20
164,343,13,1,0,0,0,1,1,0,1,8,1, ,1,5,"Mixed (White, Asian)",20
165,345,21,0,0,0,0,1,0,0,0,8,1, ,1,4, ,45
166,347,14,1,0,0,1,1,1,1,1,8,1, ,1,5,Mexico/El Salvador,24
167,350,13,0,1,1,0,1,1,1,0,5,1, ,1,4, ,21
168,351,13,0,0,0,1,1,0,1,0,8,1, ,0,4, ,52
169,352,18,1,0,0,1,0,0,1,0,8,1, ,1,4, ,34
170,353,13,1,0,0,0,1,1,0,1,9,0, ,0,1, ,19
171,355,13,0,0,1,1,0,1,1,0,9,1, ,0,4, ,43
172,356,13,1,0,0,0,1,1,0,0,7,1, ,0,4, ,41
173,357,15,1,0,0,0,1,0,0,0,9,0, ,0,1, ,21
174,358,16,0,0,0,1,0,0,1,1,9,1, ,0,1, ,29
175,359,14,1,0,0,1,1,0,1,0,3,1, ,0,4, ,19
176,360,14,0,0,0,0,0,0,0,0,8,0, ,1,888, ,19
177,361,15,1,0,0,0,1,1,0,0,6,0, ,0,5,White and Asian,19
178,362,17,0,0,0,1,1,1,1,0,0,1, ,0,4, ,29
179,364,15,1,0,1,1,1,1,1,1,7,1, ,0,1, ,23
180,143,15,0,0,0,0,1,1,0,0,10,0, ,1,4, ,21
181,185,16,1,0,0,0,1,1,0,0,8,0, ,0,1, ,21
182,258,12,1,0,0,0,1,1,0,1,10,0, ,1,4, ,19
183,274,13,1,0,0,0,1,1,0,0,9,0, ,0,4, ,18
184,294,16,0,0,0,1,2,0,1,0,10,1, ,0,4, ,31
185,296,16,1,0,0,0,1,1,0,0,5,0, ,0,1, ,23
186,301,17,0,0,1,1,1,1,1,0,7,0, ,0,888, ,24
187,312,16,1,0,0,0,1,1,0,0,8,1, ,1,5,half mexican/jewish,25
188,319,16,1,0,0,0,1,1,0,0,6,0, ,0,1, ,27
189,323,15,1,0,0,0,1,1,0,0,8,0, ,0,1, ,20
190,329,13,1,0,0,0,1,1,0,1,5,0, ,0,1, ,21
191,339,13,1,0,0,1,1,1,1,1,8,0, ,0,1, ,18
192,346,15.5,1,0,0,0,1,1,0,0,8,0, ,0,4, ,22
193,348,16,0,0,0,0,0,0,0,0,8,1, ,0,2, ,33
194,354,16,1,0,0,1,1,1,1,1,8,0, ,0,1, ,21
195,365,12,1,0,0,0,1,1,0,0,9,1, ,0,4, ,21
196,366,16,0,0,0,0,1,0,0,1,10,0, ,1,5,"El Salvadoran, Black and Cuban",50
197,368,17,0,0,0,0,1,0,0,0,2,1, ,0,1, ,23
198,369,16,1,0,0,0,1,0,0,0,3,0, ,0,1, ,24
199,370,13,1,0,1,0,1,1,1,0,10,0, ,0,1, ,19
200,372,13,0,0,0,0,1,1,0,0,6,0, ,0,1, ,18
201,373,12,0,0,0,0,0,0,0,0,7,0, ,0,1, ,18
202,374,14,1,0,0,0,1,1,0,1,10,0, ,0,1, ,19
203,375,12.5,1,0,0,0,2,1,0,0,6,0, ,0,1, ,19
204,376,16,0,0,0,0,1,1,0,0,6,0, ,0,1, ,23
205,377,13,1,0,0,0,1,1,0,0,7,0, ,0,4, ,18
206,378,16,0,0,0,0,1,1,0,1,5,1, ,0,1, ,22
207,380,17,1,0,0,0,1,1,0,0,9,0, ,1,5,latinx,25